Takim_No,Paket_No,Yil,Ay,Gun,Saat,Dakika,Saniye,Yatay_Hız,Yatay_Ivme,GPS_Enlem,GPS_Boylam,GPS_Yukseklik,Yer_Degistirme,Pitch,Roll,Yaw,Pil,Sicaklik,Paket_Dogrulugu
12,1,2023,2,24,13,37,58,0.01,0.1,37.2342,32.8741,894,0.000349,2.132,3.234,2.364,34.6,10.43,1
12,1,2023,2,24,13,37,58,0.01,0.1,37.2342,32.8741,894,0.000349,2.132,3.234,2.364,34.6,10.43,1
12,1,2023,2,24,13,37,58,0.01,0.1,37.2342,32.8741,894,0.000349,2.132,3.234,2.364,34.6,10.43,1
12,1,2023,2,24,13,37,58,0.01,0.1,37.2342,32.8741,894,0.000349,2.132,3.234,2.364,34.6,10.43,1
12,1,2023,2,24,13,37,58,0.01,0.1,37.2342,32.8741,894,0.000349,2.132,3.234,2.364,34.6,10.43,1
12,1,2023,2,24,13,37,58,0.01,0.1,37.2342,32.8741,894,0.000349,2.132,3.234,2.364,34.6,10.43,1
12,1,2023,2,24,13,37,58,0.01,0.1,37.2342,32.8741,894,0.000349,2.132,3.234,2.364,34.6,10.43,1
